{"cameraMode":{"drawMode":0,"name":"Shaded","section":"Shading Mode"},"sceneLighting":true,"audioPlay":false,"sceneViewState":{"m_AlwaysRefresh":false,"showFog":true,"showSkybox":true,"showFlares":true,"showImageEffects":true,"showParticleSystems":true,"showVisualEffectGraphs":true,"m_FxEnabled":true},"in2DMode":false,"pivot":{"x":-78.83706665039063,"y":11.128422737121582,"z":165.93093872070313},"rotation":{"x":0.011287646368145943,"y":0.9402536153793335,"z":-0.33885398507118227,"w":0.03131818771362305},"size":25.453168869018556,"orthographic":false}